Male Name,Female Name
Wylie Rodgers,Nora Kane
Carson Kennedy,Paloma Hinton
Brock Bauer,Kiona White
Paki York,Breanna Beard
Louis Lane,Brenna Fry
Jordan Vaughn,Laurel Oneal
Phillip Anderson,Kelsie Baxter
Cadman Graves,Alyssa Burt
Bruno Quinn,Maite Gaines
Craig Gillespie,Phoebe Hale
Gary Dyer,Hanae Carey
Daniel House,Clementine Thornton
William Frazier,Dahlia Kirby
Conan Richards,Christen Acevedo
Quentin Ortiz,Anastasia Waller
Amos Boyer,Ann Compton
Ryan Nixon,Kimberley Blake
Acton Dunn,Jocelyn Hays
Jermaine Roman,Lareina Roberts
Cooper Puckett,Myra Cooper
Anthony Tate,Noelle Finley
Malcolm Tanner,Felicia Hopper
Kenyon Gilliam,Ila Montoya
Harlan Hood,Savannah England
Bevis Gilliam,Haviva Burnett
Kuame Ross,Kitra Burnett
Kermit Berry,Tanya Schroeder
Reese Mcbride,Alice Stafford
Hunter Pollard,Carolyn Calderon
Leroy Horn,Lilah Craft
Quinlan Webb,Shana Curry
Gary Nixon,Karyn Kim
Acton Sellers,Mari Meadows
Lester Cardenas,Pamela Cruz
Clarke Molina,Alyssa Atkinson
Clark Benton,Sylvia Odonnell
Rajah Barry,Rylee Hester
Ishmael Hardy,Maris Espinoza
Eric Jackson,Katelyn Pitts
Brody Wilkins,Dawn Carroll
Rashad Singleton,Quon Hodges
Zahir Kelley,Mechelle Copeland
Brandon Obrien,Darrel Gentry
Orlando Buckner,Ainsley Little
Cairo Sellers,Winifred Morrow
Clinton Mccarthy,Urielle Madden
Amir Hendricks,Fatima Cole
Gannon Lambert,Haley Cobb
Flynn Brady,Maisie Gould
Kermit Downs,Lee Patton
Uriah Robles,Amela Noel
Thomas Bender,Cynthia Beck
Tate Charles,Noelle Brooks
Oscar Merritt,Mikayla Rose
Alden Washington,Yuri Henry
Honorato Frye,MacKenzie Schultz
Gregory Cooley,Chelsea Zamora
Herman Powers,Nora Hancock
Jermaine Ratliff,Angela Hewitt
Reese Ellis,Kalia Park
Harding Clements,Rosalyn Clayton
Raphael Jackson,Yeo Sellers
Griffin Webster,Demetria Stevenson
Deacon Sellers,Noel Odonnell
Alec Strong,Naida Joseph
Leo Harrell,Simone Cantrell
Buckminster Vance,Lee Weiss
Cedric Ballard,Mia Melendez
Clarke Hyde,Rhonda Allison
Uriel Rich,Shaine Glover
Nigel Blevins,Dara Wooten
Todd Vaughn,Molly Walter
Ray Gordon,Jaden Hines
Orson Figueroa,Leilani Sweeney
Christian Burns,Sharon Harding
Cadman Kirby,Abigail Grimes
Wyatt Rosa,Ila Thompson
Kareem Dalton,Destiny Everett
Dorian Ingram,Emerald Craft
Garth Walls,Cara Compton
Dillon Massey,Marah Barker
Seth Clements,Veda Beck
Dorian Riley,Jenna Huff
Dean Hopper,Sandra Dillard
Connor Cook,Cameron Romero
Guy Hansen,Ariana Pennington
Sean Gay,Vanna Dickerson
Deacon Bird,Janna Marquez
Louis Bartlett,Madeson Kelly
Cole Le,Latifah Lawson
Donovan Wright,Yolanda Mathis
Harper Rowland,Ruby Nieves
Zephania Watts,Jorden Herring
Emmanuel Lee,Cailin Coffey
Slade Beck,Jael Caldwell
Brennan Sloan,Nichole Richards
Thomas Flores,Eleanor Burris
Robert Salazar,Meghan Bullock
Raphael Middleton,Nayda Deleon
Hamilton Kerr,Tasha Hill
Hector Griffin,Shaeleigh Robinson
Thane Wiley,Xaviera Reed
Alan Harmon,Sydney Casey
Cruz Mcclain,Ursa Cannon
Stuart Cleveland,Elizabeth Owens
Zachery Turner,Ruth Rojas
Jonah Key,Alexandra West
Zeph Velazquez,Illana Hopkins
Dillon Dalton,Daria Coffey
Chancellor Collier,Vivian Curry
Kelly Scott,Hyacinth Santos
Gray Fitzpatrick,Wynne Finch
Hunter Dalton,Yvette Hunter
Brennan Rosario,Donna Newman
Dillon Espinoza,Mariam Finch
Charles Adams,Orli Kaufman
Cole Watts,Mona Hernandez
Bruce Mejia,Martina Pennington
Hashim Acevedo,Lacey Skinner
Dolan Kelly,Cameran Rich
Nero Burks,Darrel Sheppard
Trevor Jenkins,Kerry Cotton
Orson Butler,Kaye Walton
Brent Dalton,Janna Gordon
Camden Britt,Rama Frazier
Nicholas Hatfield,Alice Castillo
Giacomo Marks,Adria Ortiz
Anthony Carney,Jolene Richard
Darius Odom,Maia Clemons
Cadman Buchanan,Imani Thompson
Cooper Stewart,Shaine Guerra
Beck Erickson,Ora Ellison
Gabriel Keller,Linda Boyer
Tate Mcknight,Donna Fischer
Callum Duncan,Yoshi Dalton
Grady Holmes,Zelda Nielsen
Brady Mcfadden,Shea Estes
Nasim Delaney,Charde Walton
Blake Allison,Georgia Cox
Denton Ballard,Kaitlin Munoz
Jerry Bauer,Phyllis Hernandez
Magee Yang,Noel Savage
Dalton Odom,Amaya Mullins
Brady Avila,Gloria Delgado
Len Christensen,Kevyn Gallagher
Graham Ochoa,Elizabeth Lambert
Mohammad May,Oprah Wilkins
Lance Conrad,Martena Calderon
Curran Guzman,Lara Thornton
Fritz Donovan,Olympia Merrill
Upton Reilly,Eugenia Bartlett
Quinlan Mcintosh,Fallon Hays
Phillip Roman,Ora Church
Hu Woodard,Nelle Cervantes
Kaseem Henry,Cailin Charles
Lamar Reilly,Francesca Skinner
Brian Shields,Priscilla Kinney
Barry James,Brittany Andrews
Colt Harvey,Anne Anderson
Zeph Glenn,Jada Rice
Brian Cantu,Violet Mcknight
Brennan Michael,Quynn Oneil
Alfonso Terrell,Shelley Morales
Magee Carter,Kay Rojas
Zane Dillard,Fiona Bonner
Neil Herman,Bertha Walton
Reed Chan,Winter Russell
Jameson Hahn,Leslie Morales
Jelani Kirk,Desiree Morgan
Brennan Aguirre,Gwendolyn Chandler
Tiger Cochran,Roary Maldonado
Emmanuel Fleming,Hayfa Garner
Jonah Moon,Isabelle Dominguez
Amir Knowles,Chiquita Solis
Martin Cardenas,Minerva Clarke
Jelani Dean,Sacha Baldwin
Odysseus Bell,Montana Soto
Armando Adkins,Alexis Whitney
Chaim Schultz,Kristen Larsen
Brady Stark,Sheila Moss
Jameson Duran,Tamekah Madden
Phillip Bond,Ivana Hooper
Cole Blake,Marah Prince
Driscoll Holcomb,Raven Barnes
Ishmael Houston,Tanisha Macias
Herman Vazquez,Kirestin Moore
Otto Barry,Cassidy Stanley
Trevor Alford,Kirby Hicks
Davis Herrera,Yoko Barnes
Jackson Harper,Karen Peters
Howard Bradley,Josephine Riley
Jerry Deleon,Rowan Alston
Merrill Patrick,Lesley Calhoun
Lewis Bowen,Raven Hampton
Brent Wagner,Donna Barry
Victor Richards,Judith Crosby
Castor Hoover,Dora Nunez
Roth Pittman,Inga Floyd
Rogan Sosa,Ariana Goff
Beck Stokes,Hermione Robbins